id,name,email
1001,Tasfik Rahman,tasfikrahman@gmail.com
1002,Rahul Mohoto,rahulmohoto@gmail.com
1003,Akib Zaman,akibzaman@gmail.com
1004,Rafi Islam,rafiislam@gmail.com
1005,Mustaqim Abrar,mustaqimabrar@gmail.com
1006,Mahadi Munna,mahadimunna@gmail.com
1007,Saad Jamal,saadjamal@gmail.com
1008,Ayan Roy,ayanroy@gmail.com
1009,Arif Islam,arifislam@gmail.com
1010,Mushfiq Rahman,mushfiqrahman@gmail.com
1011,Sakib Rahman,sakibrahman@gmail.com
1012,Tahmid Hasan,tahmidhasan@gmail.com
1013,Ishraq Hasan,ishraqhasan@gmail.com
1014,Istiaq Nasir,istiaqnasir@gmail.com
1015,Naim Ahmed,naimahmed@gmail.com